time,desired_x,desired_y,desired_z,actual_x,actual_y,actual_z,error
0.10072016716003418,0.0,0.0,-2.0,-0.48610806,0.0136409905,-0.027855458,2.031216685317975
0.20070219039916992,0.0,0.0,-2.0,-0.484628,0.010710351,-0.037039682,2.0219278451902527
0.3008410930633545,0.0,0.0,-2.0,-0.48323113,0.008327107,-0.045154925,2.013703287133702
0.40077662467956543,0.0,0.0,-2.0,-0.48546153,0.011686977,-0.05439282,2.0052921958569776
0.5006504058837891,0.0,0.0,-2.0,-0.49041915,0.016754251,-0.062673,1.9985063278200865
0.6007933616638184,0.0,0.0,-2.0,-0.4961104,0.017820835,-0.06624302,1.996461662018412
0.7008223533630371,0.0,0.0,-2.0,-0.5036842,0.017766988,-0.068132125,1.996528724843407
0.8006513118743896,0.0,0.0,-2.0,-0.5076065,0.014222197,-0.06553286,2.000007434929073
0.9006452560424805,0.0,0.0,-2.0,-0.50797486,0.007547642,-0.06474571,2.000825978956443
1.0007412433624268,0.0,0.0,-2.0,-0.5064389,-0.0011001565,-0.066529416,1.9986970960657076
1.1016061305999756,0.0,0.0,-2.0,-0.50468165,-0.0077632116,-0.070623524,1.9943062493905859
1.200760841369629,0.0,0.0,-2.0,-0.5055837,-0.007583134,-0.070912,1.9942549694952472
1.3007116317749023,0.0,0.0,-2.0,-0.50441957,-0.007011348,-0.07617827,1.9888635737070093
1.4008724689483643,0.0,0.0,-2.0,-0.50189626,-0.009209826,-0.084501155,1.9801819373819538
1.5007884502410889,0.0,0.0,-2.0,-0.50014096,-0.012465477,-0.090184875,1.974256869125864
1.6006159782409668,0.0,0.0,-2.0,-0.5006188,-0.015294784,-0.0911486,1.973465681514169
1.7006781101226807,0.0,0.0,-2.0,-0.5026646,-0.014824609,-0.09277284,1.972411450284078
1.800710678100586,0.0,0.0,-2.0,-0.5091683,-0.01865482,-0.09010195,1.9766919206729312
1.9006626605987549,0.0,0.0,-2.0,-0.5159569,-0.02022207,-0.09151574,1.9771020699120065
2.0008084774017334,0.0,0.0,-2.0,-0.52070665,-0.018913763,-0.096469566,1.973555487393054
2.1006476879119873,0.0,0.0,-2.0,-0.5231969,-0.01599543,-0.104234554,1.9667021766423973
2.2006540298461914,0.0,0.0,-2.0,-0.5187185,-0.01176032,-0.11067075,1.9592784824906728
2.3008155822753906,0.0,0.0,-2.0,-0.51478964,-0.0025659113,-0.12432544,1.9450372787718218
2.4008278846740723,0.0,0.0,-2.0,-0.51439625,0.0025725802,-0.1358197,1.9338506402748998
2.500779390335083,0.0,0.0,-2.0,-0.5164374,0.0057746437,-0.14603245,1.9245614080053022
2.6006181240081787,0.0,0.0,-2.0,-0.5191847,0.00864321,-0.15438695,1.9172675837628128
2.7005932331085205,0.0,0.0,-2.0,-0.5222532,0.012623233,-0.16442509,1.9084661425595884
2.8006601333618164,0.0,0.0,-2.0,-0.5270254,0.015666597,-0.16659181,1.9077176976513097
2.9007437229156494,0.0,0.0,-2.0,-0.52989453,0.015925623,-0.16264027,1.9123108020218949
3.0006558895111084,0.0,0.0,-2.0,-0.53184694,0.015438988,-0.15823503,1.9170805254730943
3.1005828380584717,0.0,0.0,-2.0,-0.53364927,0.0154951215,-0.15779878,1.9180007730124145
3.200680732727051,0.0,0.0,-2.0,-0.5342829,0.012191344,-0.1542186,1.9215920092321297
3.3006837368011475,0.0,0.0,-2.0,-0.5403348,0.012903769,-0.15414447,1.9233592692050363
3.4006991386413574,0.0,0.0,-2.0,-0.5452222,0.016835777,-0.1560707,1.9229212152215298
3.5006532669067383,0.0,0.0,-2.0,-0.54894364,0.01932109,-0.16157654,1.9187269852736717
3.6006531715393066,0.0,0.0,-2.0,-0.55238,0.017473685,-0.17079034,1.9108733568607672
3.700792074203491,0.0,0.0,-2.0,-0.5509202,0.02529808,-0.18508019,1.89686240402093
3.8008229732513428,0.0,0.0,-2.0,-0.55337167,0.04065459,-0.20396644,1.8797897625588647
3.9006574153900146,0.0,0.0,-2.0,-0.547917,0.057108708,-0.20959605,1.8732380379609361
4.000819206237793,0.0,0.0,-2.0,-0.5233679,0.06632819,-0.2159613,1.8604051778024038
4.100725412368774,0.0,0.0,-2.0,-0.48327196,0.06762337,-0.24052183,1.825893787454613
4.200801849365234,0.0,0.0,-2.0,-0.426189,0.06351961,-0.28232983,1.7708931731586168
4.300694465637207,0.0,0.0,-2.0,-0.37081227,0.058800027,-0.35366544,1.6886019838339665
4.400679349899292,0.0,0.0,-2.0,-0.31481,0.052027933,-0.43741965,1.59482588011447
4.500808477401733,0.0,0.0,-2.0,-0.2549646,0.045848824,-0.5436835,1.4791777178072631
4.600679636001587,0.0,0.0,-2.0,-0.19907513,0.04395636,-0.6589644,1.3564437189329785
4.700706720352173,0.0,0.0,-2.0,-0.15663603,0.04246361,-0.76401895,1.246590210527307
4.800665378570557,0.0,0.0,-2.0,-0.11812947,0.042237245,-0.85728747,1.1495783968650946
4.90070652961731,0.0,0.0,-2.0,-0.0812196,0.042683333,-0.95005167,1.053949712112039
5.00070595741272,0.0,0.0,-2.0,-0.05108153,0.043239933,-1.0343342,0.9679821719292322
5.100651264190674,0.0,0.0,-2.0,-0.028826622,0.042646904,-1.1050019,0.8964771521030831
5.200925827026367,0.0,0.0,-2.0,-0.006737137,0.041349776,-1.1670948,0.8339581648459276
5.300649881362915,0.0,0.0,-2.0,0.010238521,0.03719065,-1.2214721,0.7794829017371642
5.400871992111206,0.0,0.0,-2.0,0.021516878,0.03132312,-1.2708694,0.7301202526035661
5.500710964202881,0.0,0.0,-2.0,0.028165003,0.02563504,-1.3114562,0.6895962459363957
5.600723028182983,0.0,0.0,-2.0,0.032310203,0.02092712,-1.350167,0.6509721765012186
5.700854539871216,0.0,0.0,-2.0,0.022560569,0.017577285,-1.3872348,0.6134322472229046
5.800760746002197,0.0,0.0,-2.0,0.019227466,0.018696653,-1.4202603,0.5803596886567515
5.9006187915802,0.0,0.0,-2.0,0.015901355,0.026766721,-1.4450048,0.5558677534843478
6.000649929046631,0.0,0.0,-2.0,0.010632594,0.038837876,-1.4654638,0.5360507692496418
6.100829362869263,0.0,0.0,-2.0,0.0039174794,0.048769508,-1.4830294,0.5192807029024168
6.200807571411133,0.0,0.0,-2.0,-0.010004698,0.059195265,-1.5078136,0.4958342993830325
6.3005805015563965,0.0,0.0,-2.0,-0.024189472,0.06940056,-1.536715,0.4690783842800752
6.400832891464233,0.0,0.0,-2.0,-0.03720255,0.07988412,-1.5655441,0.4433028383269746
6.500659942626953,0.0,0.0,-2.0,-0.049131203,0.08888549,-1.5889223,0.4234376136358361
6.600817680358887,0.0,0.0,-2.0,-0.063454814,0.09759366,-1.6081202,0.4088041227196115
6.700632333755493,0.0,0.0,-2.0,-0.07768498,0.107124105,-1.6226374,0.39989132170417563
6.800827980041504,0.020925373181177945,0.02092422782243707,-2.0,-0.09070996,0.11374654,-1.6395789,0.3885637284174582
6.900937795639038,0.04187596340017802,0.04186678320205447,-2.0,-0.099226505,0.120168895,-1.6494926,0.3858711566594804
7.000587701797485,0.06277449328465348,0.06274356422884729,-2.0,-0.10390062,0.12725051,-1.655006,0.38853901159998727
7.100679397583008,0.08371944739386881,0.08364606710046707,-2.0,-0.10672494,0.13389723,-1.6634858,0.38991803524205426
7.200703382492065,0.10464039726371185,0.10449707763722936,-2.0,-0.1085028,0.14243864,-1.6705807,0.3941911073589714
7.3008317947387695,0.1255672644580507,0.12531954055158845,-2.0,-0.10872496,0.15363768,-1.6760842,0.4007695520146497
7.400814771652222,0.14646056775636657,0.14606732967141334,-2.0,-0.10719182,0.160901,-1.6808974,0.4079044878120628
7.500812292098999,0.1673372160632193,0.16675047065814003,-2.0,-0.10356684,0.16758905,-1.689077,0.4123867246339593
7.600752115249634,0.18819114391190467,0.1873561715982856,-2.0,-0.09842293,0.17604272,-1.7013788,0.41406548888725325
7.700623035430908,0.20901769452167213,0.2078731046174072,-2.0,-0.08925001,0.18633392,-1.7079251,0.41801354036509225
7.8006508350372314,0.2298436262502052,0.22832080651533143,-2.0,-0.08266064,0.19955485,-1.713675,0.4248157112256509
7.900654315948486,0.2506316004692593,0.24865584737695293,-2.0,-0.0763235,0.20776695,-1.7186975,0.4332465929997723
8.000847339630127,0.27141822270575555,0.2689072582253856,-2.0,-0.0666391,0.21613994,-1.7213111,0.4412874939436768
8.100782871246338,0.2921459222435091,0.28901231236114705,-2.0,-0.05007224,0.22941025,-1.7214153,0.4452809489022381
8.200714111328125,0.3128459471738201,0.3089948638052967,-2.0,-0.031849142,0.2394328,-1.7223908,0.4480183811512605
8.300859451293945,0.3335276267354792,0.32885719651040607,-2.0,-0.018232169,0.25055403,-1.7212402,0.45560222462700845
8.400857210159302,0.3541593665750407,0.34856241535048604,-2.0,-0.0031537462,0.26034766,-1.7249748,0.45944900719962606
8.500734090805054,0.3747337780403093,0.3680972437465832,-2.0,0.013137299,0.26658413,-1.7306861,0.4621546496991851
8.600645780563354,0.3952795058527312,0.38748250720220045,-2.0,0.0319144,0.26928094,-1.7356493,0.4646364996890202
8.70066523551941,0.41578836107563977,0.4067039352641212,-2.0,0.05586629,0.2700064,-1.7375276,0.46596338133733994
8.800610780715942,0.4362433843787517,0.425739332296337,-2.0,0.080011144,0.27507308,-1.7339903,0.46942825053351894
8.900644540786743,0.4566648024984347,0.44460119550817756,-2.0,0.10186267,0.28200147,-1.7298144,0.47468250341808915
9.000653266906738,0.47703543351565325,0.46326730652400205,-2.0,0.12058911,0.2921888,-1.7265604,0.48071933704954634
9.100648164749146,0.4973462763145423,0.4817233672065249,-2.0,0.13597171,0.30743355,-1.7254013,0.4861820387396065
9.200745344161987,0.5176173018376539,0.4999813615707698,-2.0,0.14700757,0.32364753,-1.71866,0.49759159098762584
9.300725936889648,0.5378195183284618,0.5180091385633354,-2.0,0.16624342,0.34173882,-1.715736,0.49994602358931783
9.400705575942993,0.5579587253603953,0.535806144410421,-2.0,0.19015487,0.35896745,-1.7132359,0.49878379775873183
9.500765085220337,0.5780404476095606,0.553371410567119,-2.0,0.21474983,0.37488934,-1.7130986,0.4961333588709598
9.600656986236572,0.5980504885031113,0.5706868085060034,-2.0,0.24041861,0.3923168,-1.7158402,0.4903704750287273
9.70064401626587,0.6179982284347695,0.5877548324289151,-2.0,0.26738217,0.418328,-1.717685,0.4809769652942282
9.800660371780396,0.6378881215592093,0.6045734840933434,-2.0,0.29312956,0.4446793,-1.7231026,0.47020931906025754
9.900662660598755,0.6577034054497942,0.6211229773697715,-2.0,0.31845465,0.46792227,-1.7297257,0.46000908676958585
10.000572204589844,0.6774300702360445,0.6373865066332826,-2.0,0.34442645,0.49012208,-1.7400147,0.44740428143090266
10.10063648223877,0.6971081221196591,0.6533915504320785,-2.0,0.37187135,0.51274395,-1.7564951,0.42994805679038806
10.200782060623169,0.7167128232954054,0.6691122374990844,-2.0,0.39453375,0.5309432,-1.7664264,0.42124415476904553
10.300814151763916,0.7362304692493906,0.6845324946238258,-2.0,0.41716862,0.55018705,-1.7770157,0.4117901987899602
10.400650978088379,0.7556477866743225,0.6996372675356111,-2.0,0.440859,0.5689115,-1.7867333,0.4020745117150927
10.500658512115479,0.7750006440015694,0.7144495089042722,-2.0,0.46893892,0.5883333,-1.7989545,0.3872962368742207
10.600605249404907,0.7942549671839279,0.7289381838904798,-2.0,0.49473983,0.6035128,-1.8117883,0.3753191633791857
10.700809717178345,0.813456453360706,0.7431324961207886,-2.0,0.51299083,0.6191058,-1.816109,0.37346770681336744
10.800683498382568,0.8325319641183118,0.7569737686899305,-2.0,0.52902144,0.6322737,-1.8240033,0.3723487282597506
10.900702238082886,0.8515309859395935,0.7704938010798172,-2.0,0.5493584,0.64924866,-1.8342332,0.3653591151803583
11.000653505325317,0.8704325181727839,0.7836729797662529,-2.0,0.56995904,0.66667974,-1.8425645,0.3588281966151173
11.100587844848633,0.8892273041788419,0.7965008560024108,-2.0,0.5923878,0.6847346,-1.848607,0.35146159267536026
11.200858354568481,0.9079599548129483,0.8090031113023677,-2.0,0.61236817,0.6996737,-1.8463645,0.35061558761440376
11.30086088180542,0.9265855917511002,0.8211450369803137,-2.0,0.6248471,0.7136836,-1.8401647,0.3579684395140084
11.400645017623901,0.9450702492395979,0.8329015985045674,-2.0,0.64265996,0.7290527,-1.8361628,0.35927593443054057
11.500706195831299,0.9634840164938858,0.8443136588395183,-2.0,0.6610391,0.74380535,-1.8369404,0.3579989805035132
11.600658655166626,0.981778942748808,0.8553472752310687,-2.0,0.6792127,0.7592709,-1.8421518,0.35453218872510756
11.700669527053833,0.999974312748078,0.8660105729251678,-2.0,0.6998043,0.7783108,-1.8459358,0.3486101812095889
11.800648927688599,1.0180546619282551,0.8762909132602221,-2.0,0.72019297,0.7966497,-1.8549287,0.34074915225684616
11.900766372680664,1.0360345505539992,0.886193034365173,-2.0,0.74618715,0.81188506,-1.8640338,0.32866395167767415
12.000605583190918,1.0538734297843597,0.8956917948185725,-2.0,0.77527386,0.8270191,-1.8722231,0.3141028278454054
12.100627899169922,1.0716192033066088,0.9048097112617384,-2.0,0.80302274,0.84343904,-1.879799,0.30059723259784954
12.200630187988281,1.0892480430406055,0.9135308947171609,-2.0,0.83276904,0.8546391,-1.8805084,0.28901204104920775
12.300810813903809,1.1067666116354207,0.9218554809457798,-2.0,0.85881406,0.8637423,-1.8865983,0.27877866632058307
12.400686979293823,1.1241449989434658,0.9297668019126479,-2.0,0.88838553,0.8735243,-1.8920052,0.26534622474716457
12.50060510635376,1.141392724992299,0.9372673818131699,-2.0,0.9151654,0.88151145,-1.89716,0.2546832742001261
12.600701332092285,1.1585413175164168,0.9443678864647459,-2.0,0.9402831,0.88793296,-1.9033864,0.24526666871485972
12.700576066970825,1.175530752919568,0.9510413314975446,-2.0,0.96681863,0.89684933,-1.9092185,0.2339632326745424
12.800645351409912,1.1924231553188611,0.9573099224253319,-2.0,0.98365116,0.9070486,-1.903804,0.23529902006927653
12.900651454925537,1.2091710717660191,0.9631533973843173,-2.0,0.99752146,0.91570115,-1.8975328,0.2398891341165864
13.000792980194092,1.2257977251860848,0.9685780049053778,-2.0,1.0122603,0.9236868,-1.8910807,0.24387876136166073
13.100703477859497,1.2422746789916443,0.9735728181353663,-2.0,1.0296116,0.9309814,-1.8848013,0.2455816916924059
13.200648784637451,1.2586105518188788,0.9781395124791952,-2.0,1.038888,0.9308344,-1.8824326,0.25364912841386905
13.300707817077637,1.2748308041707712,0.982283073631793,-2.0,1.0523621,0.9323864,-1.8819379,0.25675022502393335
13.401142597198486,1.290939143888769,0.9860012262759433,-2.0,1.0709765,0.93651044,-1.8859415,0.25267022840789927
13.500681400299072,1.3068190494826903,0.989268056474285,-2.0,1.0893235,0.9423624,-1.8908302,0.24783562538583426
13.600755453109741,1.3226053545123198,0.992111630634166,-2.0,1.1059005,0.95021886,-1.8943095,0.24471711143467378
13.700795888900757,1.3382471856849254,0.9945199222002483,-2.0,1.1218052,0.96240145,-1.8954579,0.24250317845860045
13.800827980041504,1.3537401625486933,0.9964915203651546,-2.0,1.1423813,0.97781557,-1.9019396,0.2337459980403345
13.90065336227417,1.3690667001031898,0.9980243579831112,-2.0,1.1629721,0.99201244,-1.9101537,0.2249077135698032
14.001853942871094,1.384377664568099,0.9991281203541396,-2.0,1.1845655,1.005678,-1.917038,0.21644972763381604
14.100599765777588,1.3992943361974186,0.9997797343784398,-2.0,1.2086225,1.0192692,-1.9207889,0.2073885418358346
14.200836658477783,1.4142040642575258,0.9999999999097863,-2.0,1.2310718,1.0291137,-1.9218664,0.20122096496744468
14.300808429718018,1.4289328726611354,0.9997810570647009,-2.0,1.2522303,1.0346406,-1.9231981,0.1957996921744994
14.400827884674072,1.4435093342065208,0.9991235028633918,-2.0,1.2753346,1.0381881,-1.9165074,0.1917806180928933
14.500618696212769,1.457908671235393,0.9980293493787119,-2.0,1.2949523,1.0402242,-1.9091389,0.19128755526409003
14.600775003433228,1.4721788765787986,0.9964947501352599,-2.0,1.3113142,1.0417472,-1.9057657,0.19184716215104397
14.700678825378418,1.486269536432616,0.9945250370895704,-2.0,1.3232439,1.0403991,-1.9077865,0.19283446618977954
14.800661325454712,1.5001998028812842,0.9921189339462906,-2.0,1.3293797,1.0360631,-1.9115149,0.19733276323998575
14.900675296783447,1.5139716501841365,0.9892764598242402,-2.0,1.3347875,1.030952,-1.9164344,0.2020569746160191
15.00059962272644,1.5275634942628353,0.9860034159140699,-2.0,1.3398129,1.0276973,-1.9176998,0.209193684863325
15.100825071334839,1.5410168857904392,0.982290072612863,-2.0,1.3453628,1.0266279,-1.915595,0.21764780202338385
15.20063042640686,1.5542674113886223,0.9781556978883823,-2.0,1.3524886,1.0261954,-1.9155666,0.22394528936811664
15.30071210861206,1.5673696568857676,0.9735852468673724,-2.0,1.3607942,1.025683,-1.9120862,0.230470026811378
15.400794744491577,1.5802996863036887,0.9685873558412609,-2.0,1.3706579,1.024881,-1.9074792,0.2359634491560751
15.500632286071777,1.5930380626065683,0.9631722506739033,-2.0,1.3788171,1.0254997,-1.9058634,0.24215085907018966
15.600637674331665,1.6056141513809645,0.9573295795582958,-2.0,1.3850675,1.0279732,-1.9071844,0.24949168714685402
15.700803518295288,1.6180228354385289,0.9510623797284421,-2.0,1.3910296,1.0261128,-1.9036713,0.2577551564369234
15.800704956054688,1.6302417531506845,0.944384226116991,-2.0,1.3992407,1.022917,-1.8972102,0.26475386306406795
15.900818586349487,1.642289703480491,0.937287312042889,-2.0,1.4057761,1.0174291,-1.8937255,0.27139572374301857
16.00064182281494,1.65414157983036,0.9297893012767836,-2.0,1.4133732,1.0116332,-1.8937867,0.2755886172168954
16.100669145584106,1.6658236740215429,0.9218763208758112,-2.0,1.4253069,1.0071347,-1.8980232,0.2748027581667851
16.200642347335815,1.677321799161879,0.9135598975461898,-2.0,1.438054,1.0014145,-1.9049876,0.27202002703376277
16.300652027130127,1.6886387429256697,0.9048406462743492,-2.0,1.4528087,0.9952361,-1.9048783,0.26988011197025613
16.400633811950684,1.6997668138862836,0.8957274302311143,-2.0,1.4672997,0.98895353,-1.9081478,0.2667749790087865
16.500664710998535,1.7107119598565195,0.8862183893889425,-2.0,1.4791634,0.98277766,-1.912638,0.26565118387383824
16.60061740875244,1.7214633984897119,0.8763262272428843,-2.0,1.489192,0.9752783,-1.9172033,0.2657005965104863
16.70078754425049,1.732039846892477,0.8660363641487208,-2.0,1.4944767,0.96085143,-1.9271339,0.2659616945843786
16.800620555877686,1.7424090803563752,0.8553838255766838,-2.0,1.5070541,0.9436178,-1.9388995,0.258670597804178
16.900594234466553,1.7525915937552217,0.8443521335777086,-2.0,1.5230287,0.9286658,-1.9437994,0.2509310962324477
17.000597953796387,1.7625857093305164,0.8329460600155201,-2.0,1.5384169,0.9131866,-1.9453138,0.24429653487101013
17.100802421569824,1.772395716078023,0.8211633040759878,-2.0,1.5512102,0.8943918,-1.9466236,0.23902824291961305
17.200770139694214,1.7820024161725867,0.8090307595975044,-2.0,1.5672774,0.8747192,-1.9418459,0.2319562257024338
17.300703048706055,1.7914118107074666,0.7965458400677429,-2.0,1.5816181,0.8600993,-1.9430203,0.22649313205457194
17.400667428970337,1.8006237247695493,0.7837131772605134,-2.0,1.5967877,0.843787,-1.945317,0.2194270305760861
17.50058627128601,1.8096349440803194,0.7705419265624703,-2.0,1.615356,0.82609504,-1.9469771,0.20890642193777964
17.60068392753601,1.8184582159308975,0.7570170334989972,-2.0,1.6350656,0.812523,-1.9462072,0.1990162054489985
17.700613975524902,1.8270748496417506,0.7431712542236876,-2.0,1.6570612,0.80446225,-1.9421444,0.1897590375843001
17.800743103027344,1.8354987525226074,0.7289867233082518,-2.0,1.673522,0.7974936,-1.9355707,0.1872986687902219
17.90070390701294,1.8437129357099449,0.7144968138106128,-2.0,1.6880623,0.7871874,-1.9301518,0.18544488775308648
18.000774145126343,1.8517331471804896,0.6996785100765972,-2.0,1.7011468,0.7739623,-1.9261011,0.18345399686168942
18.10073947906494,1.8595427585411843,0.6845673297922518,-2.0,1.7137538,0.7609264,-1.9237589,0.18137760888452284
18.20059823989868,1.8671446576856605,0.6691641887727985,-2.0,1.7263465,0.7494098,-1.9237636,0.1790962428974933
18.300803661346436,1.8745580018006371,0.6534335844126089,-2.0,1.7383655,0.739638,-1.9237081,0.17832566341584857
18.40070939064026,1.8817536927764682,0.6374418342904609,-2.0,1.7552311,0.72635275,-1.9296627,0.16988361351849737
18.50081467628479,1.8887453637213156,0.62116535873799,-2.0,1.7721716,0.7128296,-1.9378188,0.16080508604916638
18.600632905960083,1.895525056014371,0.6046284916312228,-2.0,1.7889419,0.69945097,-1.9450072,0.1528904427276222
18.70060396194458,1.9021001631091172,0.5878189434423639,-2.0,1.8092139,0.6857835,-1.9433757,0.14639408526485578
18.80065608024597,1.9084703772976632,0.570741794147472,-2.0,1.8295038,0.66904646,-1.9430987,0.1383376086990471
18.90066623687744,1.9146298474476628,0.5534179095413189,-2.0,1.8479466,0.6509857,-1.9473355,0.12938190886567152
19.0006365776062,1.920577686082284,0.5358561049130979,-2.0,1.8621855,0.63365006,-1.9540437,0.12282217123899197
19.100807905197144,1.9263202644093405,0.5180424966558955,-2.0,1.8727968,0.61823726,-1.9594561,0.12061327864673278
19.200809717178345,1.9318479692062747,0.5000123245881822,-2.0,1.8835939,0.5994742,-1.9602705,0.11747147665896812
19.30082368850708,1.9371629270904462,0.4817656374215014,-2.0,1.8910273,0.5888095,-1.9526521,0.1258121757022661
19.40068006515503,1.9422611414172888,0.4633235949973177,-2.0,1.8990767,0.5781199,-1.9474933,0.13341676668244323
19.500802040100098,1.9471530827125763,0.44465370489446104,-2.0,1.9055959,0.5664083,-1.9453727,0.13976879873470854
19.60085368156433,1.9518311971426159,0.4257889423901519,-2.0,1.9117743,0.55153596,-1.9451876,0.1429030191142701
19.70058584213257,1.9562856080542508,0.40677879295961694,-2.0,1.9205736,0.5438788,-1.9484625,0.15075766516719563
19.80061364173889,1.9605343404244937,0.3875529369563842,-2.0,1.9248403,0.5377357,-1.9564528,0.16039102024950458
19.90061044692993,1.9645667648785297,0.3681629388019686,-2.0,1.9270117,0.5308946,-1.9626536,0.1711336256910925
20.000640630722046,1.9683852539805087,0.3486036013646135,-2.0,1.9286135,0.5247569,-1.9671757,0.18354620605536454
20.100696325302124,1.9719873639241328,0.3288933184624288,-2.0,1.930474,0.51924133,-1.9719859,0.19682609135225995
20.20068883895874,1.9753726503228504,0.30904149927402413,-2.0,1.9255266,0.5101374,-1.976816,0.20847463853689122
20.300639390945435,1.9785394835668302,0.2890657560498198,-2.0,1.9161304,0.49485973,-1.9779054,0.2161809894522789
20.400679349899292,1.9814918192886295,0.26894722493489637,-2.0,1.913162,0.47983757,-1.9739509,0.22320900276430308
20.50059199333191,1.984223730737644,0.24873371572045033,-2.0,1.9139574,0.46764636,-1.9713882,0.23168673490352382
20.600561380386353,1.9867398509803722,0.22839897918856486,-2.0,1.9155936,0.45674205,-1.9732327,0.24066330977490452
20.70077919960022,1.9890410711813884,0.20793713799563263,-2.0,1.921246,0.43774474,-1.9747304,0.2409278961457806
20.80067729949951,1.9911211874641752,0.1874099301579116,-2.0,1.9280747,0.4191708,-1.9741156,0.2415739190211154
20.900627613067627,1.9929825559361252,0.16680600763953768,-2.0,1.9325398,0.40500847,-1.9723853,0.24729801317808847
21.00054407119751,1.9946250472296585,0.14613579593077475,-2.0,1.9367955,0.3921045,-1.9680483,0.2546876030984118
21.100586414337158,1.9960505636080765,0.125378939518545,-2.0,1.9407252,0.37987655,-1.961976,0.26320287138034076
21.20076060295105,1.9972578306376925,0.10455200242215554,-2.0,1.9359264,0.36446217,-1.9507185,0.2715575399977761
21.300808429718018,1.998244868862704,0.08369667217743816,-2.0,1.9289044,0.34558272,-1.9445295,0.27653096618872997
21.400634765625,1.9990119788665421,0.06282678993691057,-2.0,1.9210942,0.32483754,-1.9388838,0.28009999381884537
21.500584363937378,1.9995604072685857,0.041921413223981435,-2.0,1.9111925,0.30197573,-1.9328427,0.2827494040336655
21.60065197944641,1.9998899746995573,0.020977146531433073,-2.0,1.9002672,0.2819068,-1.9269608,0.28869309064836673
21.700647354125977,1.9999999997117592,3.3955303892422554e-05,-2.0,1.890066,0.26139617,-1.9185774,0.2950005420102395
21.800644636154175,1.9998907380722597,-0.020904258483044984,-2.0,1.884696,0.24140835,-1.9141684,0.2990732359752706
21.900623321533203,1.9995621653257267,-0.04183754735807142,-2.0,1.886202,0.22663222,-1.9159322,0.3033050413189301
22.000600814819336,1.9990144679038044,-0.0627477006066819,-2.0,1.893599,0.20970777,-1.9232403,0.3020537145545127
22.100616455078125,1.998247300436625,-0.08363880224378159,-2.0,1.9036648,0.18967266,-1.9331429,0.2968414954972872
22.20064902305603,1.9972609246793764,-0.1044932040870183,-2.0,1.9099339,0.16466708,-1.9466058,0.2879656341913669
22.30061650276184,1.9960558845362735,-0.1252948692889761,-2.0,1.9216981,0.13401394,-1.9565824,0.27323108023128106
22.400550365447998,1.9946326942762893,-0.14603250349179564,-2.0,1.9365556,0.10544007,-1.9644506,0.26052862160337664
22.50066041946411,1.992988368185411,-0.1667375218000699,-2.0,1.9542725,0.07476461,-1.9715389,0.24623612907741238
22.60075569152832,1.9911261217317506,-0.1873584278994803,-2.0,1.970384,0.044704203,-1.9773712,0.23408409145541392
22.70072865486145,1.9890466456463007,-0.2078849735717127,-2.0,1.983121,0.0135560455,-1.9800915,0.2224131021554945
22.800625801086426,1.9867503540734863,-0.22831001390374597,-2.0,1.9925169,-0.009006455,-1.976155,0.22067144327478508
22.900603771209717,1.984234576670805,-0.24864989836288498,-2.0,1.9992193,-0.032473177,-1.9714992,0.21856168969382855
23.000691175460815,1.9814998159517416,-0.26889047303121855,-2.0,1.9998977,-0.05220431,-1.967992,0.21980876020302728
23.100595951080322,1.9785512348970458,-0.2889887452247726,-2.0,1.994493,-0.06994147,-1.9653658,0.22234068364907753
23.20079469680786,1.9753799775086849,-0.30899695339413336,-2.0,1.989789,-0.08696573,-1.962706,0.22560214544641202
23.30077600479126,1.9719960079033685,-0.3288443698007184,-2.0,1.9823102,-0.10329819,-1.9623216,0.2289041751584803
23.40059542655945,1.9683992515842166,-0.34852951285787104,-2.0,1.9764355,-0.11960938,-1.9641209,0.23185409705053403
23.5006320476532,1.9645812960057583,-0.36809083663929115,-2.0,1.9717709,-0.1342213,-1.9679701,0.23616215295562668
23.60068440437317,1.9605486124200906,-0.3874863739924832,-2.0,1.9666578,-0.14935683,-1.9728409,0.23975116093970505
23.700774908065796,1.956300195029387,-0.40671470107280533,-2.0,1.9640737,-0.16468449,-1.9685912,0.24418345969820676
23.800788164138794,1.9518380486514482,-0.4257605229210479,-2.0,1.9631505,-0.18064132,-1.9614753,0.2483858887220867
23.900737524032593,1.9471642114984338,-0.4446100515424568,-2.0,1.9630227,-0.19484885,-1.9514918,0.25492193283940395
24.000755310058594,1.9422741840557438,-0.46327513923011193,-2.0,1.9624603,-0.21140353,-1.9408247,0.25951588509965823
24.100608110427856,1.9371764873486883,-0.4817178536175874,-2.0,1.9612006,-0.2291509,-1.9344908,0.26202800607223825
24.200656414031982,1.9318597814982952,-0.499972799059292,-2.0,1.9605478,-0.24791299,-1.9286472,0.26353060296837416
24.300647497177124,1.9263342162329244,-0.5179981186874233,-2.0,1.9539042,-0.2659942,-1.9239379,0.26467247938801935
24.400785446166992,1.9205928852359326,-0.5358101075905336,-2.0,1.9502413,-0.28237984,-1.9224626,0.26667955274519334
24.50158715248108,1.914609899420492,-0.5534753862114846,-2.0,1.9469422,-0.29969993,-1.9258578,0.2663539519989825
24.60061740875244,1.9084922531630581,-0.5706817239475627,-2.0,1.9419373,-0.31622478,-1.934414,0.26489323703489137
24.700577974319458,1.902127197324736,-0.5877481666107677,-2.0,1.9397466,-0.34124798,-1.9446869,0.2554155536882667
24.800804138183594,1.8955456497666108,-0.6045770638472969,-2.0,1.9407301,-0.3636554,-1.959818,0.2483938012145389
24.900822162628174,1.8887587310386453,-0.6211335043981082,-2.0,1.9385124,-0.38777232,-1.9735509,0.24006754810247471
25.00076675415039,1.8817696263508363,-0.6374055908140082,-2.0,1.9351707,-0.4128068,-1.9863198,0.23126484947656498
25.100788116455078,1.874571995921049,-0.6534031931392021,-2.0,1.934525,-0.4373871,-1.9987197,0.22418508454686997
25.20071530342102,1.8671690666043248,-0.6691135734299428,-2.0,1.9445813,-0.45794916,-2.0092032,0.2250949953470448
25.300769090652466,1.8595622619069119,-0.6845287088896168,-2.0,1.9561144,-0.47587755,-2.010596,0.23015190271089908
25.40079140663147,1.8517494484379913,-0.6996476854217364,-2.0,1.9638822,-0.49681097,-2.012231,0.23209068886687229
25.50077986717224,1.8437355370131636,-0.7144560074084029,-2.0,1.965964,-0.51550174,-2.0135975,0.2338963028332064
25.6007661819458,1.8355189011383024,-0.728951994069694,-2.0,1.9639758,-0.5321362,-2.0138054,0.23543197830248533
25.700592517852783,1.827108564329918,-0.7431157892729712,-2.0,1.9691049,-0.551016,-2.009545,0.23907405434704346
25.800581693649292,1.8184921395253995,-0.756963784031924,-2.0,1.9724425,-0.56651515,-2.008419,0.24503526101838985
25.900657892227173,1.8096677712558318,-0.7704927825036224,-2.0,1.9691947,-0.582547,-2.0068412,0.24661557292934858
26.0006422996521,1.800653020724871,-0.7836713668353428,-2.0,1.9604447,-0.5972236,-2.0060952,0.2456283891444459
26.10071301460266,1.7914359892454175,-0.796512962885855,-2.0,1.946696,-0.61372185,-2.007359,0.2399425586238878
26.200710773468018,1.7820263552900937,-0.8089997652089244,-2.0,1.9290838,-0.6306131,-2.0084913,0.23134348345142183
26.300660371780396,1.7724216496022047,-0.8211313574810634,-2.0,1.9156568,-0.6503415,-2.0166187,0.22352105858966365
26.400756359100342,1.7626181076137444,-0.8329081202310885,-2.0,1.9040171,-0.6711839,-2.022577,0.21600491672723793
26.50074028968811,1.7526258738805989,-0.8443140066834943,-2.0,1.8955756,-0.6895835,-2.0236702,0.21198219348262276
26.600743770599365,1.7424411188899271,-0.8553500173014094,-2.0,1.8883334,-0.7070544,-2.0203896,0.20902607585837202
26.700784921646118,1.7320619677704545,-0.8660142432592653,-2.0,1.8795272,-0.72287583,-2.0166664,0.20618528478644957
26.800625324249268,1.7215032040854028,-0.8762885556196015,-2.0,1.8699238,-0.7362492,-2.0118494,0.20440183297264336
26.900762796401978,1.7107419918666387,-0.8861915305623211,-2.0,1.8591968,-0.7533752,-2.0118568,0.19954847345354196
27.00067639350891,1.6998017051875616,-0.8956979897987363,-2.0,1.8503484,-0.7736876,-2.0149925,0.19435946737592577
27.100613832473755,1.6886774053927964,-0.904809923889809,-2.0,1.8441137,-0.7934404,-2.0171013,0.1919793441417049
27.20067858695984,1.6773573718077808,-0.9135333321084502,-2.0,1.8351357,-0.8134886,-2.0192,0.18780732556662083
27.3006694316864,1.6658591827385936,-0.9218514558424518,-2.0,1.8262283,-0.83408654,-2.016629,0.18356863886164698
27.40070080757141,1.6541748957514577,-0.9297674820913947,-2.0,1.8168557,-0.85213447,-2.0074866,0.18041055418049207
27.500633478164673,1.642318600411581,-0.9372696621955435,-2.0,1.8088852,-0.86677176,-1.9961436,0.18091231079524286
27.600654125213623,1.6302746708142426,-0.9443655379613184,-2.0,1.8032801,-0.8796715,-1.9832292,0.18546552660230306
27.70061159133911,1.618057439579514,-0.9510441865382109,-2.0,1.8035705,-0.88530314,-1.97251,0.19872766626587185
27.800748348236084,1.6056507711104855,-0.9573118277156957,-2.0,1.7985144,-0.8941949,-1.9591378,0.2070020104632605
27.900761365890503,1.593073143799,-0.963156647363066,-2.0,1.7902987,-0.9005213,-1.9486585,0.21320661968178387
28.00059175491333,1.58033907463679,-0.9685713727344997,-2.0,1.7804782,-0.9035642,-1.9420431,0.2182673175867047
28.10074543952942,1.5674028446286692,-0.9735730462114696,-2.0,1.7698207,-0.90588176,-1.9387082,0.2220625599296125
28.20076584815979,1.5543068495155747,-0.9781426690473293,-2.0,1.7540123,-0.91132516,-1.9375304,0.219657270580253
28.300660610198975,1.5410466778673901,-0.9822813143141035,-2.0,1.734768,-0.91883254,-1.9461994,0.2108274485472716
28.4006450176239,1.5276137094765825,-0.9859904421175489,-2.0,1.7115394,-0.9244084,-1.9507416,0.2001184427457253
28.50079846382141,1.5140037236568353,-0.9892692894622858,-2.0,1.6897366,-0.92795455,-1.951811,0.19225952812364872
28.60059356689453,1.5002522748632479,-0.9921089888469952,-2.0,1.6692069,-0.9315841,-1.9526947,0.18559823960634553
28.700576782226562,1.4863211919879031,-0.9945169670057578,-2.0,1.6508789,-0.94401246,-1.960286,0.17665544528317428
28.800821542739868,1.4722033811368447,-0.9964917209633235,-2.0,1.6342772,-0.9546675,-1.9677039,0.170470616367651
28.90068817138672,1.4579597056210518,-0.9980246685615966,-2.0,1.619817,-0.9642586,-1.9734702,0.16745675879974728
29.000573873519897,1.4435526396284997,-0.9991208818513994,-2.0,1.605605,-0.9738092,-1.9761337,0.16574453749647686
29.100757360458374,1.4289614162987507,-0.999780202587404,-2.0,1.5930358,-0.9814599,-1.9756901,0.16687423971636012
29.200785398483276,1.4142278623895983,-0.9999999997955074,-2.0,1.5776695,-0.9873695,-1.9775633,0.1654572652714888
29.300631523132324,1.3993537379639236,-0.9997814758505255,-2.0,1.5628803,-0.9909007,-1.9726865,0.16602958509998694
29.400670289993286,1.384308108879937,-0.9991240922087818,-2.0,1.5489621,-0.9932079,-1.9666922,0.1680932857904944
29.500632762908936,1.3691200268891133,-0.9980289514272715,-2.0,1.5334997,-0.9946417,-1.961832,0.16878669603126448
29.600570678710938,1.3537868796853891,-0.9964968301063623,-2.0,1.5197732,-0.99503523,-1.9608494,0.17054729207959798
29.700600624084473,1.3382938306743728,-0.9945264823969796,-2.0,1.5069348,-0.99959046,-1.9659297,0.17212260083191278
29.800604820251465,1.3226548340322182,-0.9921198974565055,-2.0,1.493595,-1.0044476,-1.9705721,0.17389224811137466
29.900630474090576,1.3068715913536932,-0.9892781955249834,-2.0,1.4774556,-1.0040815,-1.9780619,0.17262481432107268
30.000775814056396,1.2909318593067622,-0.9859996359758805,-2.0,1.4628041,-0.99944127,-1.9869839,0.17288769858577482
30.10070776939392,1.2748741654096492,-0.9822936183649488,-2.0,1.4480524,-0.9931751,-1.9966213,0.17355265908877907
30.200743436813354,1.2586611940610732,-0.9781530612855881,-2.0,1.4238932,-0.9876766,-2.0020568,0.16551902890944922
30.300755500793457,1.2423164732073022,-0.9735849960407499,-2.0,1.4057738,-0.9811551,-2.0011742,0.16363669958387342
30.40078616142273,1.2258288558358708,-0.9685878028636573,-2.0,1.3824891,-0.97815204,-1.998604,0.1569581176063468
30.500741958618164,1.2092212667804,-0.9631703440749014,-2.0,1.3587993,-0.97610086,-1.9980142,0.15014906307252684
30.60069704055786,1.1924727844336083,-0.9573277901053263,-2.0,1.3347877,-0.97193706,-2.000724,0.14306466290679842
30.700621604919434,1.1756015297819935,-0.9510683662491106,-2.0,1.3127289,-0.96994156,-2.0033557,0.13846071280636124
30.800775289535522,1.1585814098031768,-0.9443840619109777,-2.0,1.2874624,-0.9656985,-2.0022643,0.1306511730704107
30.90065288543701,1.1414551733867073,-0.9372938909569307,-2.0,1.2626138,-0.96061665,-2.0006633,0.12338475307093245
31.00066113471985,1.124196499541306,-0.9297897240257064,-2.0,1.2395974,-0.9561628,-1.999513,0.11837716766944616
31.100794315338135,1.106799551956713,-0.9218708063905168,-2.0,1.223675,-0.9542511,-1.9993006,0.12128003362968275
31.200785160064697,1.0892958264118693,-0.9135540689192015,-2.0,1.202734,-0.9524244,-1.9987007,0.11992001094053344
31.300803661346436,1.0716697122369174,-0.904835182499162,-2.0,1.1806673,-0.94776565,-2.004307,0.11722647077377457
31.40083360671997,1.0539232531429785,-0.8957178614112316,-2.0,1.159193,-0.94430697,-2.014328,0.11682431642649499
31.5006160736084,1.0360885383658862,-0.8862222756908144,-2.0,1.1377275,-0.94092375,-2.0263383,0.11839103745361643
31.600759744644165,1.0181052070761372,-0.8763192033108662,-2.0,1.120828,-0.9372029,-2.035775,0.1246541078776586
31.70073628425598,1.0000238275404156,-0.8660391603481487,-2.0,1.1089351,-0.9322483,-2.0465493,0.13569140638850274
31.800573348999023,0.9818485915929174,-0.8553886882882455,-2.0,1.1014371,-0.9273428,-2.0491812,0.1479783508092806
31.900845289230347,0.9635280805507392,-0.8443406023154091,-2.0,1.0949215,-0.9216246,-2.0494473,0.16025627734595277
32.00058150291443,0.9451418929353332,-0.8329465850105646,-2.0,1.0857129,-0.91578525,-2.0496204,0.17054219059713058
32.10070180892944,0.9266213029381148,-0.821168034575165,-2.0,1.0740547,-0.9125269,-2.0494742,0.18036284413522968
32.200626373291016,0.9080156583889748,-0.8090398579018894,-2.0,1.0576361,-0.9174019,-2.0443177,0.18998074602084614
32.30055594444275,0.8893153263272054,-0.7965602702632573,-2.0,1.040402,-0.9237427,-2.044335,0.2024059169622574
32.400641202926636,0.8704929850073662,-0.7837146970087895,-2.0,1.0224507,-0.9237472,-2.0480597,0.2121555432003054
32.50056171417236,0.8516054003079124,-0.7705462232669734,-2.0,1.010566,-0.91846234,-2.0511954,0.2230888045364966
32.60057282447815,0.8326056514980745,-0.7570267235782281,-2.0,1.0048949,-0.9094082,-2.0506394,0.235516527380792
32.70061683654785,0.8135109201904314,-0.7431723901994362,-2.0,0.99267024,-0.8943848,-2.0392146,0.23769947450914178
32.80062460899353,0.7943307657683031,-0.7289947217056307,-2.0,0.97532254,-0.8780303,-2.031261,0.23653091913868987
32.90063953399658,0.775062603826229,-0.7144965343229732,-2.0,0.9584661,-0.8603816,-2.021345,0.23531873093820557
33.000784397125244,0.7557012317265591,-0.6996785100765969,-2.0,0.93965805,-0.8437414,-2.0109382,0.2339099700178824
33.10063815116882,0.7362850681362173,-0.6845753012567612,-2.0,0.91719234,-0.82989115,-2.0022507,0.23205430615944142
33.20083236694336,0.7167441037913997,-0.6691371374104832,-2.0,0.8978139,-0.8145763,-1.9954362,0.23229219405062443
33.300819873809814,0.6971582008950833,-0.6534319968348455,-2.0,0.87480277,-0.7976848,-1.9867136,0.22922257179310046
33.40068292617798,0.6775029867322242,-0.6374462203479939,-2.0,0.85115534,-0.7783921,-1.9824028,0.22434468076485906
33.50058698654175,0.6577770641913142,-0.6211841030111904,-2.0,0.82944083,-0.7612238,-1.9801103,0.22243013434086517
33.60076546669006,0.637941458137323,-0.6046183096869476,-2.0,0.80646527,-0.74499017,-1.9761487,0.2206205272515865
33.700769662857056,0.6180567840558909,-0.5878046430068598,-2.0,0.77751493,-0.7254432,-1.966018,0.21336834059058782
33.80066466331482,0.5981160539143564,-0.5707432292343473,-2.0,0.7561685,-0.7083644,-1.9592794,0.2134908212819353
33.90062236785889,0.5781025436950251,-0.5534254373883413,-2.0,0.73900145,-0.6974403,-1.960531,0.21951434906492653
34.0008111000061,0.5579978538603265,-0.5358405477931588,-2.0,0.7227111,-0.6840801,-1.9664617,0.2241210414233729
34.10060429573059,0.5378833881401839,-0.5180658596651415,-2.0,0.7091046,-0.6667678,-1.9714938,0.228564134607757
34.200634241104126,0.517674939971163,-0.5000330383170342,-2.0,0.6946816,-0.6501243,-1.9683853,0.23421833702688008
34.30061149597168,0.4974184859713993,-0.48178869740782443,-2.0,0.68266654,-0.6369323,-1.9626728,0.24449887692920239
34.40068578720093,0.47709454635291515,-0.46332124968158067,-2.0,0.6709906,-0.619345,-1.9519926,0.25346359769378574
34.50060200691223,0.45674258640368604,-0.4446727581780829,-2.0,0.6590137,-0.60245615,-1.9421083,0.2629841255099628
34.60057067871094,0.43633417149617515,-0.42582350604323915,-2.0,0.6456916,-0.58836234,-1.9348953,0.2729249312048306
34.70058465003967,0.41586777989435025,-0.40677810871517184,-2.0,0.6325542,-0.57483435,-1.9267045,0.2838452374565263
34.80076742172241,0.39533824483892394,-0.38753774641640976,-2.0,0.61337507,-0.5600102,-1.9165632,0.29025593700189994
34.900758266448975,0.37478949861531785,-0.3681499856467608,-2.0,0.59261703,-0.54606205,-1.9080371,0.2959032276902005
35.00075721740723,0.3541942595653065,-0.34859564502797535,-2.0,0.5687395,-0.5320589,-1.904301,0.29807163980935336
35.10078954696655,0.33355593684590756,-0.32888431159775133,-2.0,0.5463843,-0.5206647,-1.9068791,0.301242632884348
35.2008261680603,0.31288614257293573,-0.3090335684473595,-2.0,0.5205012,-0.51263463,-1.9052619,0.3058311909195462
35.30098485946655,0.2921297194711199,-0.2889966328254119,-2.0,0.49362063,-0.49974656,-1.9067245,0.30612815713300784
35.40077257156372,0.27145493111675806,-0.2689429445272589,-2.0,0.46533766,-0.48624113,-1.9156866,0.30317942630326117
35.50065064430237,0.2507081901023354,-0.24873062036356158,-2.0,0.43860176,-0.47211638,-1.9304228,0.3000769593706372
35.60060405731201,0.22991470782247425,-0.22839047166181978,-2.0,0.4208986,-0.46079746,-1.9451939,0.3057638953164594
35.70055627822876,0.20910763006788907,-0.20796155933917754,-2.0,0.39809647,-0.45204082,-1.9586267,0.31145339067555017
35.80069279670715,0.188256466325378,-0.18742062294317668,-2.0,0.37203896,-0.4436768,-1.9671257,0.31705513053955375
35.90058159828186,0.16740304737056047,-0.1668156083938476,-2.0,0.34645712,-0.43234992,-1.9776444,0.3210429939452381
36.000632762908936,0.14651933192860178,-0.14612561989321513,-2.0,0.31983793,-0.41681552,-1.9879184,0.32164937891439976
36.10059714317322,0.12562512372055823,-0.12537705698937324,-2.0,0.29833767,-0.4004367,-1.9926802,0.32487075811905786
36.20084524154663,0.10468113766466391,-0.10453765049737052,-2.0,0.27582508,-0.38022348,-1.9913164,0.32460488678509675
36.30079627037048,0.08377138337913924,-0.08369786639493691,-2.0,0.25002706,-0.35994083,-1.9950224,0.32245294190595514
36.40078854560852,0.06284286949276748,-0.06281183924308628,-2.0,0.2221793,-0.3374998,-1.9966054,0.317573761066435
36.50058650970459,0.041930279960874235,-0.04192106399136214,-2.0,0.19687457,-0.3149142,-1.9979618,0.3139062585357909
36.60060453414917,0.020985241084975865,-0.02098408586721964,-2.0,0.17233665,-0.29024354,-2.0007458,0.3088825952371276
36.700592041015625,4.404202652376564e-05,-4.4042026513087105e-05,-2.0,0.14744197,-0.26629335,-2.0008347,0.3043280101172885
36.800565004348755,-0.020895514119561708,0.020894373656960216,-2.0,0.123060994,-0.24200001,-1.9960269,0.2997544341060176
36.90096926689148,-0.04191934675858742,0.04191013799683774,-2.0,0.105029024,-0.2211749,-1.993204,0.3014195487351285
37.00074315071106,-0.06279505606445414,0.06276409659978426,-2.0,0.089844175,-0.20238303,-1.9944621,0.305994116966332
37.10081458091736,-0.08372308940044404,0.08364969952714271,-2.0,0.07372425,-0.18427806,-2.0001037,0.31076511524542805
37.200763463974,-0.10464658063214335,0.10450323558558387,-2.0,0.056200348,-0.16914846,-2.0021243,0.31742951596186647
37.30060958862305,-0.1255383098693267,0.12529075740434045,-2.0,0.04400923,-0.15067244,-2.002146,0.32389297298216896
37.40076780319214,-0.14645344632685695,0.14606026565245087,-2.0,0.027515957,-0.1300109,-2.0047972,0.3263489800160696
37.500587940216064,-0.16731129151490268,0.16672481909006567,-2.0,0.009420855,-0.10803457,-2.01049,0.326859318775029
37.600589752197266,-0.18817265077175646,0.18733792495230792,-2.0,-0.009192148,-0.08106018,-2.0190177,0.32316131427919553
37.70060586929321,-0.2090144169067247,0.20786988094551936,-2.0,-0.024363412,-0.052093256,-2.0261238,0.319936364642202
37.800620317459106,-0.2298371281992618,0.22831443790558198,-2.0,-0.03981664,-0.018650623,-2.0279403,0.3128580924527147
37.900561571121216,-0.25061728321957605,0.24864186959731985,-2.0,-0.05782603,0.016159602,-2.0290709,0.3034165230685392
38.000657081604004,-0.27140130316420014,0.2688908096978061,-2.0,-0.076372884,0.05046716,-2.0312726,0.29448761220809694
38.10058522224426,-0.2921202349123372,0.28898745452461816,-2.0,-0.09253721,0.0828788,-2.0341833,0.28893365638394625
38.200679063797,-0.3128398315434595,0.3089889749560039,-2.0,-0.103827104,0.11270911,-2.0373313,0.2891465611996596
38.3005952835083,-0.33349399915847056,0.3288249881500393,-2.0,-0.11597354,0.13978897,-2.0394223,0.29086746464402213
38.401906967163086,-0.35427269466950895,0.3486703399992297,-2.0,-0.13484351,0.16495341,-2.0431678,0.2894210380214337
38.50076961517334,-0.3747386830326044,0.3681018865670319,-2.0,-0.15530449,0.18730065,-2.0453691,0.28792153504573254
38.60081386566162,-0.3953024140995548,0.3875040506612449,-2.0,-0.17639671,0.20940837,-2.0451198,0.2857858807095338
38.70059418678284,-0.415778055139337,0.40669430985344895,-2.0,-0.20432428,0.23681572,-2.0492573,0.2756768316830215
38.80076360702515,-0.43626443654801267,0.4257588511744912,-2.0,-0.22559352,0.25861093,-2.0517273,0.27385465744683546
38.900877714157104,-0.4566826442461138,0.44461761044642695,-2.0,-0.24009949,0.27851936,-2.051485,0.2777545723789426
39.000646114349365,-0.47703470611949766,0.4632666427336855,-2.0,-0.25411096,0.29936406,-2.050178,0.2812061325773199
39.10076856613159,-0.497353676264274,0.48173006225316883,-2.0,-0.26833633,0.31741172,-2.0488567,0.28607069878966457
39.20076942443848,-0.5176169642070622,0.4999810588565507,-2.0,-0.28531498,0.33854493,-2.0450382,0.28645117703811607
39.30065608024597,-0.5378081679084802,0.5179990583701177,-2.0,-0.30540898,0.35215944,-2.0373583,0.2879371471650734
39.40074968338013,-0.5579567113872207,0.5358043736240022,-2.0,-0.32423207,0.36650687,-2.0297093,0.29012324148020335
39.50074601173401,-0.5780378184316323,0.5533691230059896,-2.0,-0.34295875,0.37895402,-2.0255992,0.2938334858640998
39.600730180740356,-0.5980515844423852,0.5706877516071799,-2.0,-0.366398,0.39052665,-2.0256817,0.2945860710342327
39.700793981552124,-0.6180151825556263,0.5877692546988982,-2.0,-0.39555863,0.4052941,-2.0309625,0.289383447549579
39.80058407783508,-0.6378746335246637,0.6045621481252679,-2.0,-0.42196622,0.4191273,-2.0431664,0.2878643208143602
39.90066933631897,-0.6576960961091067,0.6211169115590581,-2.0,-0.44861814,0.4346589,-2.0576007,0.2860035306700531
40.00077199935913,-0.67745219899671,0.6374046289190953,-2.0,-0.4738947,0.449755,-2.0659213,0.2845938480046011
40.10057878494263,-0.6970975914727322,0.6533830451100282,-2.0,-0.49719977,0.46289307,-2.0650928,0.2836946271461648
40.20080327987671,-0.716719815972176,0.6691178038633978,-2.0,-0.526866,0.47624046,-2.0594738,0.2770979301309498
40.30066680908203,-0.7362186301213168,0.6845232122618948,-2.0,-0.5513073,0.49051613,-2.056393,0.2738815472676686
40.40066337585449,-0.7556498209265886,0.6996388373635861,-2.0,-0.57376784,0.50617856,-2.0535965,0.270888388194561
40.50077533721924,-0.775009436273662,0.7144561820985235,-2.0,-0.59710616,0.52337354,-2.0507188,0.26595966939332505
40.600632190704346,-0.794260558177776,0.7289423543223997,-2.0,-0.6198111,0.5398195,-2.0469937,0.26155014847078306
40.700746297836304,-0.8134484246881548,0.7431266153631874,-2.0,-0.6377586,0.5554455,-2.0398767,0.260156232263072
40.80059480667114,-0.8325207043120277,0.7569656765623753,-2.0,-0.65981764,0.570439,-2.038967,0.25717110408445304
40.90074563026428,-0.8515348264249271,0.7704965066632817,-2.0,-0.6797846,0.589442,-2.039883,0.2527241901837087
41.000837087631226,-0.870451759770119,0.7836862552276395,-2.0,-0.6954465,0.6101926,-2.0430675,0.25016334502422033
41.10074305534363,-0.8892463132086963,0.7965136874772293,-2.0,-0.7086959,0.6292363,-2.0477314,0.250715921118594
41.20079255104065,-0.9079648934246195,0.80900636931553,-2.0,-0.7209762,0.64702773,-2.0530996,0.2530245669370711
41.30075407028198,-0.9265712983205292,0.8211358318691904,-2.0,-0.73615533,0.66661894,-2.0570993,0.2517817394792512
41.40076398849487,-0.9450825273548317,0.8329093084993108,-2.0,-0.75141716,0.6865764,-2.0613356,0.2503630131646884
41.50072741508484,-0.9634809534285642,0.8443117858273771,-2.0,-0.7639393,0.70159554,-2.063397,0.25338500217264087
41.60071563720703,-0.981779247275588,0.8553474563119243,-2.0,-0.77527845,0.71168065,-2.0615458,0.2589799648738603
41.70070934295654,-0.9999718045534444,0.8660091247532992,-2.0,-0.7870811,0.7203795,-2.0561862,0.2639835740214202
41.800764083862305,-1.0180645475279193,0.8762964464159965,-2.0,-0.8042825,0.7290515,-2.0529747,0.2649342775838422
41.900707960128784,-1.0360326285005355,0.886191993271885,-2.0,-0.81944424,0.7365396,-2.0557199,0.26909305173572207
42.00067710876465,-1.0538863313201445,0.895698544895999,-2.0,-0.83354753,0.7478063,-2.0596476,0.27199104878131225
42.100669860839844,-1.0716279728724696,0.9048141338791557,-2.0,-0.8450605,0.7622216,-2.0610416,0.2745751653643737
42.20081448554993,-1.0892658833860462,0.9135395473077731,-2.0,-0.8554024,0.77901685,-2.0674262,0.2780913028101785
42.300684690475464,-1.1067612047231545,0.9218529652678534,-2.0,-0.8696813,0.7935645,-2.0787878,0.2808421808656982
42.40077018737793,-1.1241497071428144,0.9297688975883415,-2.0,-0.88929427,0.807266,-2.0895097,0.27959976671298087
42.50079321861267,-1.1414114227805272,0.9372753194595584,-2.0,-0.910139,0.8177473,-2.0978174,0.27810451060010394
42.60062527656555,-1.1585318743580888,0.9443640762810289,-2.0,-0.9330475,0.82540935,-2.1047316,0.27561230181787766
42.700677156448364,-1.175544043951684,0.9510464087839621,-2.0,-0.96097195,0.8282479,-2.1080909,0.2698227070832476
42.80076766014099,-1.1924322554114637,0.9573131989216593,-2.0,-0.98521614,0.8311959,-2.105845,0.2646644142854108
42.90065670013428,-1.2091726627516168,0.9631539345805897,-2.0,-1.0083843,0.8337148,-2.1039093,0.2605140586458952
43.00057601928711,-1.225776497676842,0.9685713230527184,-2.0,-1.0317616,0.83662117,-2.1015606,0.2556700230438396
43.10075283050537,-1.2422743267894443,0.973572715500803,-2.0,-1.0555182,0.8409227,-2.0967817,0.24867769486450694
43.200732946395874,-1.2586183131687458,0.9781415891941219,-2.0,-1.0722232,0.8451989,-2.087928,0.24525137557946017
43.300774574279785,-1.2748304578923966,0.9822829894111106,-2.0,-1.0889578,0.8491771,-2.0794861,0.2420410440072847
43.400776386260986,-1.2908954740963996,0.9859916914589893,-2.0,-1.1079359,0.8554252,-2.0789728,0.23824047446255234
43.50057244300842,-1.3068003759494526,0.989264451951569,-2.0,-1.1263429,0.86325693,-2.081684,0.2347660383921262
43.600606203079224,-1.322591757692784,0.9921093582228766,-2.0,-1.1461606,0.8725587,-2.0832345,0.22879750732140328
43.70056104660034,-1.3382217289135636,0.9945163403606889,-2.0,-1.1641791,0.8777656,-2.0799227,0.2242971506634843
43.80060005187988,-1.3537149472255392,0.9964886528574421,-2.0,-1.1843116,0.8879332,-2.084717,0.21830883634701345
43.9007785320282,-1.3690747083380894,0.9980250481244008,-2.0,-1.1986848,0.89801246,-2.090767,0.21742554173712425
44.00066113471985,-1.3842643916651904,0.9991215557809685,-2.0,-1.2119395,0.90904397,-2.0973039,0.21743481456225605
44.10078835487366,-1.3993135305461728,0.9997802978440893,-2.0,-1.2240809,0.9198728,-2.1019206,0.21789787135404207
44.20077681541443,-1.414194354222137,0.999999999631052,-2.0,-1.2301397,0.9349874,-2.1045768,0.2214476261790367
44.300779819488525,-1.4289310209725525,0.9997811124384351,-2.0,-1.2450264,0.9494278,-2.1082947,0.21928094601974057
44.400803089141846,-1.4435082282235325,0.9991235697494295,-2.0,-1.2607367,0.96448123,-2.107441,0.21482336677655087
44.500852823257446,-1.4579303773335317,0.9980273592201374,-2.0,-1.273364,0.97834396,-2.1059742,0.21373519471468594
44.600759744644165,-1.4721750910040585,0.9964952179736346,-2.0,-1.2832178,0.99122626,-2.1069438,0.21718565919692248
44.700735569000244,-1.4862700042160144,0.9945249640364912,-2.0,-1.2958819,1.002675,-2.1111732,0.22062079814555696
44.80076718330383,-1.5002034023563589,0.9921182519458104,-2.0,-1.3118123,1.0089471,-2.1170502,0.2224301421924529
44.9007613658905,-1.5139737384135703,0.9892759930573453,-2.0,-1.3302252,1.012015,-2.1225648,0.22204212385613142
45.00079035758972,-1.5275783527921498,0.9859995776909285,-2.0,-1.347211,1.0116605,-2.1247804,0.22081896161779999
45.10084295272827,-1.5410185090983617,0.9822895954531403,-2.0,-1.3645816,1.008797,-2.1231234,0.21677639809714694
45.20078682899475,-1.55427951009979,0.9781517014013833,-2.0,-1.3788747,1.0046536,-2.126817,0.2180636586959215
45.300793409347534,-1.5673752399488154,0.9735831946150325,-2.0,-1.3978177,0.9999973,-2.1263425,0.2130959664840499
45.400856733322144,-1.5803011553617223,0.9685867598065301,-2.0,-1.4173944,0.9944122,-2.1274185,0.20842514802085577
45.50080466270447,-1.5930497464228464,0.9631670544064316,-2.0,-1.437632,0.98776686,-2.1289554,0.20344366142313403
45.600632190704346,-1.6056130200156142,0.9573301279316973,-2.0,-1.4546744,0.98098546,-2.1292748,0.2001350508620511
45.700767517089844,-1.618021309184592,0.951063182066362,-2.0,-1.474245,0.9739582,-2.131011,0.19585634262454296
45.800745487213135,-1.6302402200464063,0.9443850964049308,-2.0,-1.4928162,0.96466297,-2.129221,0.18972244957141884
45.90083146095276,-1.642288592039043,0.937287990835184,-2.0,-1.5129824,0.9582048,-2.127545,0.18282606437428497
46.0007107257843,-1.6541477547527126,0.9297852575294638,-2.0,-1.5359167,0.95030546,-2.1282625,0.17564435199062367
46.100785970687866,-1.6658312456739093,0.9218710192337638,-2.0,-1.5554575,0.94052434,-2.1307015,0.17208488939147173
46.20065402984619,-1.6773221799183242,0.9135596132272753,-2.0,-1.5725166,0.93389595,-2.1332748,0.17076286153109455
46.300649642944336,-1.6886378867077512,0.9048413265783363,-2.0,-1.5823706,0.9308015,-2.1317837,0.1712705724869913
46.40080976486206,-1.6997775498697199,0.8957183720547909,-2.0,-1.5976096,0.927689,-2.13183,0.16982210364980432
46.50074863433838,-1.710714029291786,0.8862165387470825,-2.0,-1.6147681,0.92498356,-2.1339521,0.16926804271122592
46.60072445869446,-1.7214657624970566,0.8763239901888652,-2.0,-1.6273769,0.9239061,-2.1366532,0.17260029075280206
46.70073461532593,-1.7320356772866852,0.8660405334718789,-2.0,-1.6401428,0.9228804,-2.1333003,0.17159266894746913
46.800774574279785,-1.7424164834570364,0.8553760140417919,-2.0,-1.6503509,0.92220235,-2.1387763,0.17944550019640948
46.90077328681946,-1.7526001098671544,0.8443426624536087,-2.0,-1.6627289,0.918951,-2.1470656,0.18780717759186613
47.000652551651,-1.7625910187322325,0.832939842911935,-2.0,-1.6744287,0.91116035,-2.1535516,0.193569442755758
47.10079288482666,-1.7723970347652982,0.821161679734944,-2.0,-1.685424,0.89800936,-2.155343,0.19391066204565527
47.200576066970825,-1.7819907635402894,0.8090458450673995,-2.0,-1.6964464,0.8875044,-2.148685,0.18862874226377832
47.300610065460205,-1.791405127517089,0.7965549269174081,-2.0,-1.7053787,0.8776481,-2.1442304,0.186491442537676
47.40067911148071,-1.8006230292918206,0.7837141697497153,-2.0,-1.7116572,0.8678574,-2.1387181,0.18503439265014762
47.500585079193115,-1.8096353267960448,0.7705413536658909,-2.0,-1.7169553,0.85790974,-2.1356933,0.18610614228214067
47.600568771362305,-1.8184520627986376,0.7570266909519778,-2.0,-1.7239687,0.8453173,-2.1361854,0.1877998804804772
47.70063519477844,-1.8270757230136299,0.7431698175454087,-2.0,-1.7319865,0.8283066,-2.136176,0.18663912534589405
47.80075979232788,-1.8354986930269148,0.7289868258524372,-2.0,-1.7378316,0.81603307,-2.1296372,0.18417851304448213
47.900636196136475,-1.8437124712831656,0.7144976522728459,-2.0,-1.7432677,0.8018803,-2.1210413,0.17993299857264755
48.00074601173401,-1.8517304113526036,0.6996836830681372,-2.0,-1.7469163,0.78864264,-2.113859,0.17850365227316414
48.1006133556366,-1.8595379422405498,0.6845768664205426,-2.0,-1.7494762,0.7754662,-2.1079183,0.1789435982314337
48.20074987411499,-1.8671499727152736,0.6691531679544473,-2.0,-1.748596,0.75900906,-2.108488,0.18411627206756995
48.30081343650818,-1.8745582454858123,0.653433055220341,-2.0,-1.755866,0.7429105,-2.1102724,0.18507850999584707
48.40079617500305,-1.8817557225890176,0.6374372173654799,-2.0,-1.7681085,0.72949445,-2.1138122,0.18531985159113987
48.500770568847656,-1.888744723252867,0.6211668849029598,-2.0,-1.7836765,0.71572244,-2.1161742,0.1829659351308104
48.60074543952942,-1.8955286875387338,0.6046194233419149,-2.0,-1.7994246,0.7025801,-2.1140864,0.17846003390519075
48.70065498352051,-1.9021028636081927,0.5878118740409883,-2.0,-1.8156016,0.6938673,-2.1099696,0.17556635804460555
48.800591230392456,-1.9084668231617132,0.570751552703842,-2.0,-1.8342618,0.6863075,-2.1169686,0.18039186399932516
48.90070986747742,-1.914628577308386,0.5534215694946897,-2.0,-1.8503247,0.6776456,-2.1282058,0.18974540549740407
49.00062417984009,-1.9205761814139408,0.5358606581820797,-2.0,-1.860997,0.6683688,-2.1380684,0.20042701633519927
49.10075521469116,-1.9263181695096583,0.5180491596375988,-2.0,-1.8669298,0.6594455,-2.142356,0.20924894649937323
49.20060753822327,-1.9318402273444786,0.5000382275153616,-2.0,-1.8629429,0.65018994,-2.147186,0.2212602613752498
49.300822734832764,-1.9371617970039279,0.4817696193405039,-2.0,-1.8561473,0.6394884,-2.1553233,0.23571992108224377
49.400654554367065,-1.9422598430295406,0.46332841837231326,-2.0,-1.8515445,0.62568414,-2.1594708,0.24498895804724666
49.5006046295166,-1.9471476433259154,0.444675039191509,-2.0,-1.8497576,0.6109215,-2.159032,0.24982779501038016
49.60066509246826,-1.9518264694297938,0.4258085511271174,-2.0,-1.8494102,0.59487325,-2.155442,0.2514640820036417
49.70079040527344,-1.956290965543325,0.40675525481957064,-2.0,-1.8490396,0.58191085,-2.1516654,0.25531305421484085
49.80076479911804,-1.9605371733129087,0.3875397257957633,-2.0,-1.8471211,0.57122743,-2.1465662,0.26093296360375146
49.900792837142944,-1.9645707979601048,0.36814292870059423,-2.0,-1.8452121,0.55748177,-2.141484,0.26478939187901723
50.00069546699524,-1.9683850859552205,0.34860449060067666,-2.0,-1.8429372,0.54378587,-2.1390302,0.27048537251051397
50.10064721107483,-1.9719866060554854,0.3288976096806262,-2.0,-1.8415096,0.532294,-2.1386986,0.2786245345326451
50.20057678222656,-1.9753693613296175,0.3090614924602386,-2.0,-1.8425107,0.5130704,-2.1430585,0.2823770625488247
50.30084466934204,-1.978543196778703,0.2890414244642637,-2.0,-1.8439653,0.4953415,-2.146941,0.2868145382671084
50.40081262588501,-1.9814939609365205,0.2689320270590082,-2.0,-1.8504244,0.47787824,-2.1487255,0.2880226132270813
50.50077676773071,-1.9842265536663966,0.2487119030732557,-2.0,-1.8596605,0.45940465,-2.148251,0.2861581878339866
50.6006555557251,-1.9867417739878692,0.22838269333639127,-2.0,-1.8688955,0.44124907,-2.145712,0.28360498921939414
50.700605630874634,-1.9890390352096672,0.20795618665472065,-2.0,-1.8825606,0.42408162,-2.142324,0.27982846890313134
50.80075025558472,-1.9911213707614401,0.18740801722609596,-2.0,-1.9024402,0.40223253,-2.1458442,0.2743801357833147
50.90061640739441,-1.9929824221968566,0.166807583149023,-2.0,-1.9249136,0.37775022,-2.1477752,0.26639755147135824
51.00064301490784,-1.9946263093119792,0.14611875352903841,-2.0,-1.9463811,0.35417452,-2.148385,0.2600633139908945
51.10076856613159,-1.9960519059361144,0.12535773626914987,-2.0,-1.9693336,0.32721195,-2.1485016,0.25201532262051257
51.20070838928223,-1.997257825409794,0.10455210174335972,-2.0,-1.9853061,0.29942772,-2.1436188,0.24237515247406297
51.30070376396179,-1.9982446346067166,0.08370224519140565,-2.0,-2.0014708,0.27359003,-2.135305,0.23318490910196088
51.400734663009644,-1.9990124794354398,0.06281089236533649,-2.0,-2.0149903,0.2480229,-2.1297002,0.22667359089512404
51.50061631202698,-1.9995604993898766,0.041917022870684245,-2.0,-2.0251725,0.22738402,-2.1248486,0.22503589185321948
51.60079479217529,-1.9998901380545175,0.020961570464692998,-2.0,-2.0347097,0.20905602,-2.117797,0.22465091220268774
51.70075511932373,-1.9999999998134856,2.7314045926898118e-05,-2.0,-2.0409865,0.18466176,-2.1094284,0.21850480834389902
51.80078196525574,-1.99989053859718,-0.020923329202342553,-2.0,-2.0432205,0.1589993,-2.1068883,0.2137165063504766
51.9007465839386,-1.9995619281257322,-0.04184887251007831,-2.0,-2.037731,0.1362042,-2.105297,0.210350292764967
52.00064516067505,-1.9990141763453493,-0.06275697007598702,-2.0,-2.0270758,0.11402084,-2.1028643,0.2064434641823748
52.10101056098938,-1.9982449901676995,-0.08369378615131896,-2.0,-2.0176105,0.09604809,-2.099396,0.20630494111423756
52.200828313827515,-1.9972598116525522,-0.10451435961116326,-2.0,-2.0087528,0.07645385,-2.0953,0.20485034610375544
52.30069422721863,-1.9960551886609912,-0.1253058673312784,-2.0,-2.0051353,0.05628321,-2.0929222,0.20418515723788574
52.40064978599548,-1.994631513380205,-0.146048459338399,-2.0,-2.0036774,0.03700784,-2.0878134,0.20323047239399938
52.50075364112854,-1.9929880465062075,-0.16674131291358363,-2.0,-2.0046642,0.020058041,-2.0817769,0.20424932152690833
52.60066747665405,-1.9911269204844568,-0.1873500893901419,-2.0,-2.0064607,0.00078525033,-2.076589,0.20370547664254324
52.70060586929321,-1.9890482790932325,-0.20786968557139354,-2.0,-2.0045774,-0.016494414,-2.078369,0.20738209423065743
52.80054259300232,-1.9867517713864113,-0.2282980058750011,-2.0,-1.995438,-0.03181499,-2.0769117,0.2111786778538807
52.900736570358276,-1.9842329497047584,-0.24866247350352974,-2.0,-1.9907882,-0.04709185,-2.0789754,0.21658903057632625
53.00082087516785,-1.9814978576059914,-0.2689043725244654,-2.0,-1.9871981,-0.06467089,-2.0839872,0.22090193275209177
53.10077524185181,-1.978547967312737,-0.2890101612099167,-2.0,-1.9830517,-0.081062235,-2.0879533,0.22582827848829826
53.200785875320435,-1.9753805086484828,-0.308993724028938,-2.0,-1.983927,-0.09910055,-2.0871928,0.2274439842507079
53.300740480422974,-1.971997523377899,-0.3288357871890379,-2.0,-1.9838547,-0.113768436,-2.0869265,0.23227304303708435
53.40075922012329,-1.968396678660943,-0.34854313257618597,-2.0,-1.9843087,-0.12857509,-2.08514,0.23640632853944066
53.50063705444336,-1.964581352140896,-0.36809055806901103,-2.0,-1.9872831,-0.14190511,-2.0837479,0.24225798151536662
53.6005539894104,-1.9605524612759648,-0.3874684209799482,-2.0,-1.9926229,-0.15637355,-2.084751,0.24822583451829416
53.700886964797974,-1.9562979630148154,-0.40672450885782124,-2.0,-1.9934942,-0.17077808,-2.0893517,0.2550254723285193
53.80072546005249,-1.9518401617382823,-0.425751757531042,-2.0,-1.9916458,-0.18658292,-2.1059701,0.26460516395231193
53.90077877044678,-1.947163333552216,-0.4446134955440505,-2.0,-1.9919232,-0.20293728,-2.1191099,0.2731263502415758
54.0007803440094,-1.9422735289806767,-0.46327757311447054,-2.0,-1.990681,-0.22159581,-2.1267838,0.27717775441331394
54.10058903694153,-1.937177840811909,-0.4817130839101873,-2.0,-1.9851977,-0.24276304,-2.1312146,0.2768037243651457
54.200803995132446,-1.9318567703640315,-0.4999828751409472,-2.0,-1.9757444,-0.26175678,-2.137477,0.2785277336446155
54.30084729194641,-1.926328375155582,-0.5180166986610379,-2.0,-1.9664748,-0.27747595,-2.1419418,0.2821684850812803
54.40074324607849,-1.9205957549436872,-0.5358014223080659,-2.0,-1.9570713,-0.29712915,-2.14484,0.2815555779245516
54.50057029724121,-1.9146526362168703,-0.553352236516525,-2.0,-1.9472203,-0.32204798,-2.1436372,0.27421515944229763
54.60079336166382,-1.908489580412678,-0.5706890637466938,-2.0,-1.9390898,-0.34726775,-2.1372626,0.26399710861169634
54.70063400268555,-1.9021237410982577,-0.5877572159542048,-2.0,-1.9298965,-0.37428325,-2.1314533,0.2522348523567078
54.80080842971802,-1.8955419866759313,-0.6045862120519263,-2.0,-1.9223528,-0.40703195,-2.1334367,0.23989967045316887
54.90081834793091,-1.8887605045307283,-0.621129277946665,-2.0,-1.9161934,-0.4366333,-2.1357138,0.23067200014092487
55.00080490112305,-1.8817671907125972,-0.6374111313093695,-2.0,-1.9093732,-0.46636257,-2.1372983,0.22106681624327393
55.10076141357422,-1.8745725528853354,-0.6534019835144879,-2.0,-1.9031615,-0.491359,-2.1376874,0.2145532376297012
55.20062804222107,-1.8671740232829523,-0.6691032941284812,-2.0,-1.8945884,-0.5136732,-2.1419237,0.21225548465880847
55.300623178482056,-1.8595671697114422,-0.6845189896605252,-2.0,-1.8807056,-0.5361228,-2.1433365,0.20739726269475037
55.400795459747314,-1.8517502597049178,-0.6996461512903103,-2.0,-1.8676442,-0.5529211,-2.1481884,0.2091426325853133
55.50059628486633,-1.843743644461568,-0.7144413682180537,-2.0,-1.85748,-0.5667049,-2.155989,0.21528421010892182
55.60081434249878,-1.8355170965368244,-0.7289551047374415,-2.0,-1.8502028,-0.58185726,-2.1663144,0.22251721751171719
55.700679302215576,-1.8271033651610014,-0.7431243432369242,-2.0,-1.8529371,-0.6021824,-2.177267,0.22793778178977384
55.80077123641968,-1.818483534193477,-0.7569772926446782,-2.0,-1.8497465,-0.6254259,-2.1809726,0.22590754665504714
55.900705337524414,-1.809670875240772,-0.7704881352247684,-2.0,-1.8474607,-0.647382,-2.1813927,0.22245559191532555
56.00074791908264,-1.80064932624349,-0.7836766398591032,-2.0,-1.8456804,-0.66683096,-2.1793582,0.21874662724506458
56.10060906410217,-1.7914418283081135,-0.7965050224970921,-2.0,-1.8420949,-0.691033,-2.1737988,0.20951396738373224
56.20079684257507,-1.7820212547297014,-0.8090063693155299,-2.0,-1.8364673,-0.71926683,-2.1632817,0.1941094008014376
56.30071258544922,-1.7724210018593634,-0.8211321554648094,-2.0,-1.8283321,-0.74095124,-2.156936,0.18488891949511652
56.40063428878784,-1.7626239357813622,-0.8329012945229671,-2.0,-1.8166606,-0.7647893,-2.154566,0.1773411273337852
56.50075721740723,-1.7526266436544373,-0.8443131504515285,-2.0,-1.8065656,-0.78446823,-2.1534598,0.1733226355529181
56.600830078125,-1.7424352113886017,-0.8553562515419681,-2.0,-1.7990273,-0.79960716,-2.1505406,0.1702148582397589
56.700628995895386,-1.7320693828186573,-0.8660068276381929,-2.0,-1.7912855,-0.812554,-2.1428967,0.1636557609616793
56.80079483985901,-1.7214959091316775,-0.8762954600793024,-2.0,-1.780555,-0.82113606,-2.1398282,0.16150066262123228
56.90061593055725,-1.7107490275819397,-0.886185237624497,-2.0,-1.7703923,-0.8273116,-2.139051,0.1623533107731673
57.000691652297974,-1.6998045206185728,-0.8956956139666803,-2.0,-1.7607206,-0.8309108,-2.1400099,0.1658632220026375
57.10063433647156,-1.6886789571968062,-0.9048086906438579,-2.0,-1.7540475,-0.83169234,-2.1412828,0.17198801645114398
57.200573682785034,-1.6773696368848643,-0.9135241714095029,-2.0,-1.7427369,-0.83497673,-2.144183,0.1767237913171892
57.30080032348633,-1.665850588957346,-0.9218574741091701,-2.0,-1.732277,-0.8420659,-2.1458561,0.17903403856618874
57.40084457397461,-1.6541658862817434,-0.9297733829683951,-2.0,-1.7194463,-0.8494294,-2.1486151,0.1811163660550922
57.50066423416138,-1.6423172325332518,-0.937270497745458,-2.0,-1.7072729,-0.85782707,-2.1526105,0.18390343320395552
57.600632190704346,-1.630275914601737,-0.9443648317585633,-2.0,-1.7025752,-0.86562306,-2.1569467,0.18989394027902876
57.70057940483093,-1.6180608441520634,-0.9510423963600401,-2.0,-1.6977637,-0.8740244,-2.162757,0.1969114784684199
57.80080771446228,-1.6056492825331206,-0.9573125494057303,-2.0,-1.6890317,-0.8874712,-2.1651363,0.19773834988868888
57.900604248046875,-1.5930855215245026,-0.9631511411180131,-2.0,-1.6754601,-0.8990344,-2.1652834,0.19548694635545116
58.00080418586731,-1.5803242315171477,-0.9685773963640879,-2.0,-1.6579331,-0.9099573,-2.166239,0.19260028215840905
58.10076951980591,-1.5674031237731647,-0.9735729435773433,-2.0,-1.6424156,-0.91827923,-2.1674843,0.1916644408823902
58.20082998275757,-1.5543018216320723,-0.9781443303084457,-2.0,-1.626011,-0.92478764,-2.1660352,0.18856517189618763
58.30107665061951,-1.5410115065757397,-0.9822916537436669,-2.0,-1.6079792,-0.9297176,-2.1747434,0.19438096839537622
58.40080213546753,-1.5276071668037015,-0.9859921328797393,-2.0,-1.5924364,-0.93445605,-2.183151,0.20100520587062148
58.500755310058594,-1.5140062686135827,-0.9892687203996549,-2.0,-1.5811669,-0.93957686,-2.186208,0.20409127602570512
58.60057854652405,-1.5002547514560232,-0.9921085192889525,-2.0,-1.5695672,-0.94727576,-2.1839,0.20157739424137341
58.70080280303955,-1.4863046530957442,-0.9945195515392149,-2.0,-1.55657,-0.9571437,-2.1826963,0.1992790317017857
58.800734758377075,-1.4722161233163962,-0.9964901452777805,-2.0,-1.5450078,-0.9661109,-2.1834376,0.1996769369777643
58.900771141052246,-1.457955432893527,-0.9980250606713095,-2.0,-1.5325844,-0.97348857,-2.1804264,0.19678718841589687
59.00079393386841,-1.4435353591027718,-0.9991219282150257,-2.0,-1.5204042,-0.98029464,-2.176529,0.19345736398315486
59.10079503059387,-1.4289609271838954,-0.9997802172436223,-2.0,-1.5097489,-0.98675543,-2.1738553,0.1921510196773748
59.200857639312744,-1.4142250377064414,-0.9999999998683157,-2.0,-1.4982213,-0.98688567,-2.1713307,0.1912630639028099
59.300658226013184,-1.3993497779213884,-0.9997813599673903,-2.0,-1.4896632,-0.9875396,-2.1659665,0.1893443045674576
59.400805950164795,-1.3842995673639966,-0.9991235969211536,-2.0,-1.4796815,-0.99088466,-2.1603453,0.18675173871941167
59.50064730644226,-1.3691190076912614,-0.998028863684546,-2.0,-1.4680334,-0.9948339,-2.153121,0.18231925400851437
59.60076904296875,-1.3537735373220074,-0.9964953140437292,-2.0,-1.4581428,-0.9966516,-2.145439,0.1790123876455933
59.700629472732544,-1.3382883387313473,-0.9945257101986422,-2.0,-1.4473828,-1.0007592,-2.1447973,0.181402109898736
59.800753355026245,-1.3226431853118288,-0.9921179516060026,-2.0,-1.4272326,-1.0063553,-2.143271,0.17795567663783157
59.900777101516724,-1.306859457723254,-0.9892758544839779,-2.0,-1.4090314,-1.0119399,-2.1404335,0.17514092642829893
60.000771284103394,-1.2909306388503614,-0.9859993695294018,-2.0,-1.3908405,-1.0181475,-2.1390862,0.1742425627196108
60.10077118873596,-1.2748596604758085,-0.9822900913248794,-2.0,-1.3757588,-1.0233026,-2.1399882,0.17736781996602521
60.200774908065796,-1.2586568090002226,-0.9781518882581819,-2.0,-1.3633212,-1.0270904,-2.143321,0.18409381372195777
60.300835371017456,-1.2423076291866588,-0.9735824192992346,-2.0,-1.3539306,-1.030094,-2.1443045,0.19098963467069707
60.40082025527954,-1.225825147012821,-0.9685866356319276,-2.0,-1.344657,-1.0327897,-2.1448655,0.19806324053170823
60.50078988075256,-1.2092133120245736,-0.9631676586420598,-2.0,-1.3374503,-1.0354086,-2.1451821,0.20673974926504662
60.600749492645264,-1.1924712611013155,-0.9573272417172304,-2.0,-1.3316149,-1.0382392,-2.1458788,0.21722870976253686
60.70074772834778,-1.1755936927287498,-0.951065373033402,-2.0,-1.3226277,-1.0399616,-2.150588,0.2284694291118223
60.8007230758667,-1.158587555868444,-0.9443865413967123,-2.0,-1.3109639,-1.0393684,-2.1515372,0.23495448388957843
60.900591135025024,-1.1414641940295194,-0.9372977198007885,-2.0,-1.2979175,-1.0305686,-2.151545,0.2369451220591397
61.000630140304565,-1.1242048832564242,-0.9297934551912803,-2.0,-1.2817544,-1.018718,-2.1478496,0.2336426971720958
61.10063147544861,-1.1068121540106326,-0.9218766691528244,-2.0,-1.2655151,-1.0107076,-2.1410406,0.23015212235007046
61.20059895515442,-1.0893126194814096,-0.9135622126978759,-2.0,-1.2436875,-1.0003269,-2.1455393,0.22921910079836208
61.30055856704712,-1.0716975381161404,-0.9048492136840323,-2.0,-1.2201841,-0.9857397,-2.1434188,0.22172161937349402
61.40063714981079,-1.0539405255951202,-0.8957268974075053,-2.0,-1.197588,-0.9733703,-2.1437614,0.21755557124794647
61.500603675842285,-1.036092553241056,-0.886224450142033,-2.0,-1.1760025,-0.9611383,-2.14432,0.2145114113672604
61.60088491439819,-1.0180822985421827,-0.8763063817490697,-2.0,-1.1608317,-0.9502398,-2.1429715,0.21513807199114118
61.70064449310303,-1.0000321736214328,-0.8660439787353922,-2.0,-1.1385063,-0.93757,-2.148355,0.21517494797589623
61.8007550239563,-0.9818296677961083,-0.855377436686806,-2.0,-1.1211113,-0.9259531,-2.149228,0.21598452089726597
61.90075445175171,-0.9635322375057964,-0.8443431440425565,-2.0,-1.1078106,-0.9192971,-2.1508331,0.2217768678069405
62.00092101097107,-0.945121341740066,-0.8329336809677489,-2.0,-1.0937426,-0.91509813,-2.1521232,0.2279928721831959
62.100810050964355,-0.9266074521754164,-0.8211591149723839,-2.0,-1.076311,-0.9108609,-2.1515005,0.23110592784237186
62.20059132575989,-0.9080224655542823,-0.8090443482838926,-2.0,-1.0613618,-0.908656,-2.1538453,0.23896403323395304
62.300742626190186,-0.8892999404967661,-0.7965498853984554,-2.0,-1.0483953,-0.8961539,-2.1521955,0.24165211975946332
62.40062618255615,-0.8704956823897559,-0.7837165579186567,-2.0,-1.0407518,-0.88184893,-2.1544807,0.2499627946257496
62.50075817108154,-0.8515781558702066,-0.7705270310490959,-2.0,-1.036267,-0.86943746,-2.1577055,0.2622294719645063
62.60070586204529,-0.8325900787400028,-0.7570155326637547,-2.0,-1.0316746,-0.85837305,-2.160029,0.2748040416773971
62.70057988166809,-0.813514843234009,-0.7431752635402971,-2.0,-1.0176402,-0.84441525,-2.1657667,0.28177173960145
62.80060911178589,-0.794334477756084,-0.7289974903584578,-2.0,-1.0037394,-0.83338964,-2.1639707,0.2857175487874378
62.90076231956482,-0.7750549164364078,-0.7144906999924697,-2.0,-0.98562264,-0.82389355,-2.155952,0.28395205594693024
63.000611305236816,-0.7557200945358773,-0.699693065710916,-2.0,-0.9684852,-0.8154934,-2.1478424,0.28378878775055066
63.10065221786499,-0.7362799146969871,-0.6845712609356662,-2.0,-0.95280653,-0.8051301,-2.1422935,0.28577201136639185
63.20066523551941,-0.7167643823959303,-0.66915327927658,-2.0,-0.94127053,-0.798805,-2.1407752,0.2950088755643843
63.30057954788208,-0.6971870778693221,-0.6534553188191575,-2.0,-0.93197775,-0.7939215,-2.1404524,0.30754555993393395
63.400611877441406,-0.6775135106785979,-0.6374548385061347,-2.0,-0.9172748,-0.79100007,-2.138901,0.3167887103553108
63.500773191452026,-0.6577599935605039,-0.6211699372258314,-2.0,-0.89576703,-0.7878181,-2.134787,0.3202912894404567
63.60052943229675,-0.6379722672349116,-0.6046442018592179,-2.0,-0.872746,-0.78274715,-2.128754,0.3215850246863789
63.70077991485596,-0.618061200636163,-0.5878083999187215,-2.0,-0.84904957,-0.7739544,-2.127357,0.32284015101728525
63.80076336860657,-0.5981030933657859,-0.5707320765133381,-2.0,-0.8333383,-0.7588759,-2.1229298,0.32533897901954817
63.90060210227966,-0.5781028305115608,-0.5534256869294572,-2.0,-0.81507057,-0.74668473,-2.1210265,0.32886195377863575
64.00062537193298,-0.5580180413904302,-0.5358582972297374,-2.0,-0.7905333,-0.73303294,-2.119994,0.3276274255527864
64.10058927536011,-0.5378872357003197,-0.5180692765262354,-2.0,-0.7656731,-0.7171508,-2.1184804,0.3248960940574415
64.20063495635986,-0.5176726730407276,-0.5000310058761311,-2.0,-0.73747087,-0.6912742,-2.1246445,0.3168934683353227
64.30075216293335,-0.49740803907117287,-0.4817792459167772,-2.0,-0.7131833,-0.66745085,-2.1320763,0.3138105135223462
64.40062212944031,-0.47710686349224835,-0.46333248946713246,-2.0,-0.68572325,-0.64384943,-2.1323097,0.3059624348835876
64.50061702728271,-0.4567387458404693,-0.44466922483786686,-2.0,-0.6609285,-0.6227515,-2.1295137,0.3003007614094664
64.60058259963989,-0.4363304191756151,-0.42582002711542966,-2.0,-0.6385619,-0.60120887,-2.1273985,0.29646111683205423
64.70060706138611,-0.4158666076658458,-0.4067770139235824,-2.0,-0.61965007,-0.5779578,-2.1238313,0.29353832185726947
64.80062127113342,-0.3953512163172085,-0.38754994488865224,-2.0,-0.5973289,-0.55631477,-2.1226158,0.2903638891177508
64.90061283111572,-0.3748007309834515,-0.3681606174532455,-2.0,-0.57728165,-0.5372996,-2.118869,0.28937236473424033
65.00066423416138,-0.35420762699124586,-0.3486083751545381,-2.0,-0.5579727,-0.5190373,-2.1148834,0.2894208670795537
65.10060429573059,-0.3335779448320848,-0.3289053904435562,-2.0,-0.53735673,-0.49942428,-2.1115534,0.28817816392081946
65.20069146156311,-0.3129056730513846,-0.3090523744445116,-2.0,-0.52067053,-0.4763478,-2.1001818,0.2849392821940318
65.3005862236023,-0.2922109307308416,-0.28907522093835086,-2.0,-0.50123817,-0.45058388,-2.0934727,0.280204532885913
65.40082454681396,-0.2714502312580147,-0.2689383755469521,-2.0,-0.4860103,-0.42357612,-2.086268,0.27819241275790707
65.50057435035706,-0.25071463035199965,-0.2487369078045801,-2.0,-0.47218838,-0.39966542,-2.080315,0.2797866240921854
65.60055446624756,-0.22992780306956292,-0.22840330586690555,-2.0,-0.45671022,-0.3782343,-2.076414,0.2823450127198858
65.70058012008667,-0.20910400484431133,-0.2079579938311022,-2.0,-0.44480062,-0.35766503,-2.074061,0.2888773250347246
65.80075883865356,-0.1882437896171444,-0.1874081153251801,-2.0,-0.4293236,-0.3409879,-2.0701947,0.2943357401399657
65.90074586868286,-0.1673842882033243,-0.1667970469212477,-2.0,-0.40885034,-0.32478985,-2.0705056,0.297049867693907
66.000905752182,-0.14647799782071663,-0.14608461919689222,-2.0,-0.38913104,-0.31001014,-2.0738838,0.3020113989842075
66.10058426856995,-0.12562577158422708,-0.12537770101256235,-2.0,-0.369432,-0.2929014,-2.07684,0.30563056239740277
66.20075917243958,-0.10469774298083181,-0.10455418748837847,-2.0,-0.35131305,-0.27799582,-2.0776315,0.31133223274889477
66.30074954032898,-0.0837773203421529,-0.08370378772159522,-2.0,-0.3330097,-0.27075782,-2.081048,0.3219856625350381
66.40057587623596,-0.06286917185397684,-0.0628381026192005,-2.0,-0.31429666,-0.25837338,-2.088146,0.3304837969541117
66.5005612373352,-0.041934723134048495,-0.04192550423428006,-2.0,-0.29575488,-0.23926689,-2.0959938,0.33553404415869126
66.60058569908142,-0.02099063368923306,-0.02098947758065825,-2.0,-0.282639,-0.21834302,-2.099963,0.34263811487469437
66.70064091682434,-3.5003923575284796e-05,-3.500392356992362e-05,-2.0,-0.26862854,-0.19204053,-2.0994427,0.3448151158738231
66.80063056945801,0.020903403303516938,0.02090226154864565,-2.0,-0.25301585,-0.1667878,-2.0953493,0.34547186109452477
66.90073418617249,0.0,0.0,-2.0,-0.23753719,-0.1439059,-2.0887845,0.2915741800765966
